UUID,Price,Quantity,Date
42776307-40f0-4ae4-9d31-01857e9beca1,27,25,Sun Jul 31 2022
9cfd567c-1ca8-422c-9e97-613eae4d3aef,43,30,Sun Sep 24 2023
9b9ec046-108b-40b2-a920-741cf0a5235f,27,10,Sun Jul 17 2022
8d992668-05d6-4a17-b9f1-bd5d9df4ec5f,59,20,Sat Apr 09 2022
99717672-3961-489f-84d3-ceb1f2633181,25,33,Sat May 07 2022
46c81ae2-7c21-4d32-a396-4747d4571cfa,38,40,Tue Mar 28 2023
132ecbc7-d235-4178-8a56-a91654aeee07,65,16,Sun Dec 11 2022
691866cc-d530-48e5-b635-e3741b56f4bd,35,40,Sat Dec 16 2023
ef9f0c5a-d872-4cdd-b76d-2d54e9d57456,29,23,Tue Mar 07 2023
9837d012-bc96-469d-8ab7-2cbfc6b9fed2,41,36,Sat Jun 04 2022
82dc6fef-faa8-4fd5-8203-defa69d909fc,67,33,Sat Jul 22 2023
1386bdd1-5789-402d-928a-086e1cd8598d,35,30,Sun Mar 24 2024
887da64b-27b7-4edd-a9f9-afd13f436cff,67,20,Sun Oct 16 2022
03c27362-89c3-4298-82ca-8864aef2c65a,65,39,Tue Jan 02 2024
7ed179c0-28bc-41b2-b6e9-02731f20799b,62,40,Sun Aug 28 2022
39590113-d3b5-42f8-b468-2f0d0dc4ee6c,45,39,Thu Sep 01 2022
49b8cdf4-234c-4678-85ec-d358d3e0a331,29,33,Sun Feb 04 2024
f3678b87-fe95-48c3-b740-46bd7eea7c62,64,35,Sat Jun 17 2023
1e867893-3b98-4cea-aeb0-40a2a1eac292,54,17,Sun Sep 11 2022
00199c5d-5691-401c-a0f6-ee5adfdd7f47,30,11,Thu Jan 04 2024
3e3c93c1-b010-4504-b2db-910b235785cc,51,15,Sat May 07 2022
06359547-b523-42b3-aead-c7d03279d618,24,12,Thu Dec 22 2022
0bb1fff2-5ca5-47da-99d4-c7483d0427cc,27,36,Sat Jun 17 2023
7d821681-284e-4e26-9033-16d7b4966630,47,17,Sat Apr 30 2022
c5f77cec-a1a9-4def-ac4e-a8d620c09a4c,44,24,Sun Mar 26 2023
178e5c07-b7f8-483c-915e-523955dd4645,54,32,Sun Dec 11 2022
a899db10-8eb9-45bb-afc7-582d99fefc1c,54,31,Thu Feb 15 2024
4ec870ae-dfa2-4504-9472-34ca57ee4587,38,23,Sun Jul 02 2023
bd2f4987-8693-47c8-a8f1-2c84795da387,36,13,Sun Dec 04 2022
917569a5-74c6-4b88-88f0-f99a81b70735,47,16,Thu Feb 15 2024
0471f10d-079d-4371-9b3a-a78756428f87,21,31,Tue Nov 21 2023
576099e2-fdd8-4995-b5a4-840ac2b4fa2b,23,11,Thu Oct 13 2022
b3aa9c33-8109-40ce-850f-302ee897c41d,42,38,Thu Nov 30 2023
58390088-f982-4503-a362-51786eb31264,51,11,Sun Mar 31 2024
3a8d8969-d924-402c-a239-c035028070be,65,28,Sat Apr 15 2023
71bf43b7-978b-4a66-adc3-a4c0006b7ff3,68,19,Tue Aug 29 2023
ae96c8be-c99c-405c-96c0-a0e73470d01f,39,13,Tue Oct 11 2022
9b0df2f9-c911-457e-9461-0b774e9f39c4,25,13,Sat Nov 05 2022
5345bdc3-7937-4a04-b562-a90062ad64c1,28,11,Sun Sep 24 2023
47a23975-e335-44ab-9740-df51526e16ee,66,29,Tue Oct 10 2023
6e903675-26ad-40e2-8033-f9f0bade10f3,40,33,Tue May 03 2022
bc1f84e5-6253-4e4f-b2a4-8cfdc2b1b1d3,44,32,Tue Mar 28 2023
c90dbeb9-694c-4ead-8802-0f4aea03efd0,65,29,Sat Jan 21 2023
506ffc87-40b6-4bb4-9f2b-f484feb05be3,30,23,Tue Nov 08 2022
c08d7f6b-5894-4c3a-88e1-c08fedea4fe3,20,37,Thu Apr 13 2023
069978fe-38ca-4b4c-b41b-10785e887ab3,62,22,Tue Apr 26 2022
3ab41bc8-a3ee-4ce1-8cd4-c0a54983cca4,40,11,Tue Jul 26 2022
20a23496-dfba-44de-a0e5-bdbb5f715759,31,40,Thu Sep 21 2023
82189834-6dd0-48ae-b0a5-ff3d174516e2,46,23,Sat Nov 11 2023
b63dd2fc-78bf-498c-a593-509a43d814b8,34,40,Sun Aug 13 2023
36ddda73-2d7f-4a48-bdd2-ae852f81a1e6,26,17,Sat Mar 30 2024
bdb20efa-7de4-479d-8fa1-57fd2448049d,57,21,Sun Dec 04 2022
68e4f024-649a-4d43-a640-981e0e7cbf21,57,28,Tue Aug 30 2022
98fdad91-0e9d-4626-91bd-446b783038f9,51,35,Thu Dec 15 2022
d16f6126-5a1a-47df-a192-30b6d08f890d,39,30,Thu Jun 08 2023
f7ecffd6-e54c-49d9-a062-22162e43263f,25,16,Tue Apr 12 2022
97e1181f-402c-4b68-a0d1-3239950a4c77,59,25,Sat Dec 02 2023
fc118562-dd80-45f6-abe1-e86bcf6fff89,62,38,Thu Apr 21 2022
1ea3543e-4141-4ca2-9b63-9d55f8fc2896,47,23,Thu Jul 07 2022
6686d583-02ed-4048-8c31-bed5d7edd7c8,70,30,Sun Apr 24 2022
15dbe82d-11f1-441d-8535-314ffdb2c3a2,22,16,Thu Oct 20 2022
7003d5e0-da77-4067-8a22-d3590c8e8eca,68,20,Sat May 27 2023
96a12c46-4d43-4655-af69-42df820818ee,28,17,Sun Feb 25 2024
1fc5ba3c-6279-415b-8d35-6b6da444d16a,36,25,Sun Feb 18 2024
96771398-2c9b-4e42-96d9-783d32ec7d53,69,12,Tue Mar 05 2024
e48c7906-20c7-4488-a386-820a34d92208,42,29,Tue Oct 24 2023
95114ad1-47c0-461b-966c-9408e72e1910,20,24,Sun May 29 2022
e06d0d6e-ecba-4b4d-b527-f6aaa9cf9da0,59,38,Sat Apr 29 2023
87da9f7f-55cd-4761-a9a2-9f23243a75e7,46,34,Thu Mar 28 2024
567f2246-83a1-4cac-ab79-baa633868d7a,42,22,Thu Jul 21 2022
34d2725e-a639-41e8-98d8-dab97e9fbc46,70,24,Thu Sep 28 2023
2542e2be-b8e2-40e0-86a5-c524614924a8,67,10,Sun Feb 18 2024
b91292da-d789-439d-aaf4-ca246d3022c1,39,27,Sat May 07 2022
1973e162-ea2b-4430-9c65-eb095b34dce6,56,20,Tue Aug 30 2022
8fd42ec0-d86f-4eef-8205-ce1f03316ad9,30,18,Sat Oct 15 2022
41f0eb73-b544-4dfc-8c50-1e005e03129a,40,34,Tue Apr 11 2023
eceeb209-88f6-4fcc-9226-29fdefcb5d62,36,35,Thu Jan 26 2023
089a2759-bdc3-46f8-b651-1bf53aee6f8f,54,12,Sat Feb 04 2023
19b6652a-fbdd-4f0b-a11b-e2905baecd37,35,26,Sat Dec 31 2022
557215de-9644-4d67-8ecd-25efed6531c7,30,10,Tue Mar 05 2024
3d9507d2-fd0f-4d37-8108-bbca9ae0e165,45,24,Sat Dec 30 2023
904cd837-0c7d-4378-8344-d4717beebc44,22,17,Sat Jul 22 2023
ff183ca2-77b2-42d8-ad6b-e2e14b0340aa,58,26,Sat Dec 31 2022
4e6225d4-b163-447f-a784-c296d48ccb45,59,23,Sun Nov 26 2023
12c98ef5-5fc4-4259-b42e-256e0c165f00,26,38,Thu Jun 01 2023
e15d71f5-9d4f-49ab-8548-3192d0bc2f63,56,11,Sat Feb 03 2024
017dbaaa-91c3-40f1-8dd3-396ba6601f4d,56,31,Sun Apr 30 2023
14fe736e-af58-4c0b-bf3a-715d3c164208,39,33,Tue Jun 14 2022
8e8c4779-97d5-4f82-882a-d891498082d4,24,35,Sat Nov 18 2023
9ce561ba-a3d6-46f7-9cd5-9ada7501fc77,53,37,Thu Jun 09 2022
69271e5c-2127-45a8-9bbd-5c4014c28ff6,55,21,Tue Jul 19 2022
85763643-8001-4de5-bfc6-1f9826ed7e19,26,29,Thu May 26 2022
acff6805-8607-4933-8a44-2df132ed6e8e,37,12,Sun Sep 11 2022
c2e5bf70-50a7-4a50-ab93-a4b7e545eb9b,21,27,Sun Mar 24 2024
3aa2d9d6-bd63-437d-a40d-9a9fe81dd93a,52,21,Sat Sep 10 2022
45876f7e-f2f8-4c0d-b4df-417afa77d802,70,19,Thu Mar 09 2023
f6602700-a082-4c43-8f48-99b99f5a1b12,20,23,Tue Jan 30 2024
928905c4-ab57-40ed-97d7-bade70d6ed54,52,12,Sat Apr 23 2022
2afb0628-4cd6-40ab-806f-d0bddde917cc,21,34,Thu Oct 12 2023
3d887e27-2900-44d1-a8bd-175afe8d7b11,62,31,Sun Nov 26 2023
f694e308-e445-4fa0-ba8f-1a124091c88f,55,20,Sun Dec 24 2023
84336f31-a480-4762-a5f1-f7255d50c854,63,35,Sat Dec 10 2022
f558d5cf-21c0-4fbe-bdc1-91ee0dede75c,68,10,Thu Aug 03 2023
d814b0b6-1838-4b14-9bb0-db80455e0f56,50,22,Thu Oct 19 2023
f09c4f2e-dae5-4e51-a497-9e0758716360,48,10,Sat Feb 11 2023
43e9a7d4-bcbd-4989-a323-6d189455520b,46,39,Sat Sep 17 2022
882446f0-3391-47c4-88d1-d7e983ab5081,66,30,Tue Oct 10 2023
93f0baa5-b04e-4388-8657-86f3c56c198e,20,15,Sat Nov 18 2023
9690d7d3-6417-4b76-bde1-554cb153a054,63,14,Thu Jun 22 2023
71fd50bb-7f70-4bd6-8b4c-ebfe042c7890,31,28,Thu Dec 01 2022
6684c263-d110-446c-854b-4752047f28a3,69,13,Sat Jul 30 2022
2d682e4b-30ae-4060-abba-de753c883c45,46,28,Tue Jul 04 2023
e73aefda-2e9c-4ef8-84ed-a84fcc794ab8,45,20,Sun Dec 31 2023
affb5c37-3b51-4cfe-86ee-664c27700d34,58,28,Thu Jun 30 2022
18b527ff-00b0-420a-a968-e94c96699021,44,19,Sat Aug 12 2023
b950a378-db88-4d83-ae4f-1c2e39afba21,31,24,Sat Oct 08 2022
4dcd307d-e821-45ba-9a54-8daf839b6bec,28,24,Thu Dec 22 2022
bb3f578e-fb66-4d61-82a6-2b67845c9ad1,66,16,Thu Mar 16 2023
4165e182-8a3f-4e77-ba24-2100fb9f6aaf,31,28,Sat Mar 18 2023
01bff3e3-e73a-42c4-9484-67da9110e49f,45,16,Thu Sep 21 2023
cf2e706b-5d38-463c-8abc-fedf3e9ae235,58,13,Tue May 03 2022
7ececd2d-c720-4002-a0e4-ad7bb02c9188,22,22,Tue May 03 2022
24b8ce29-4139-4a1c-92e0-26ca0049726b,27,19,Sun Aug 28 2022
fd30142f-9abe-4471-9c32-08e9cf8f04b5,62,17,Thu Oct 20 2022
bfc2865f-1b3d-410b-8436-e7116a8f1636,57,31,Sat Sep 02 2023
5eccd23d-45f8-4279-8bba-3e0278ee7ad5,67,22,Sun Aug 21 2022
f704e58e-c23b-4e9a-89b6-48d7876f4393,24,37,Thu Dec 07 2023
06bf69de-e0a0-43f6-a601-3ab4edb4b7ef,38,11,Tue Apr 26 2022
cfcb296b-1ead-4c84-b2e9-7ef160a9e584,64,16,Thu May 11 2023
e6de9acf-feee-40df-b667-ae8d194c0a32,52,28,Sat Jun 18 2022
e9ec585f-ce51-4f7a-bada-f05c61822f21,60,32,Sun Oct 08 2023
bb3afaf7-eaae-4671-b14d-314f91c75b2a,36,13,Sat May 13 2023
2a191c6a-abc3-43ba-b889-5bbaef8323a4,46,18,Tue Apr 05 2022
9e0f850a-b77d-4ee8-a9f2-d0d006694790,49,21,Sun Sep 17 2023
acc41129-df66-44ec-bf01-b3854a6565a5,36,36,Tue Aug 01 2023
f50de7d5-c2ae-4975-9427-9e32c718e337,35,33,Thu Mar 21 2024
2da1333e-a932-4832-a2cc-5c71446c78df,59,27,Sun Sep 18 2022
7aa718b6-1267-4665-bc41-2a808267a975,42,15,Thu Jan 04 2024
7efa84d0-eb52-45f1-a803-1453c2648bae,61,33,Thu Oct 05 2023
66942ec3-ce46-41c0-92b6-aeadd44bddba,27,40,Sat Nov 19 2022
f4766adf-5a13-4429-9948-6877cd00eb87,37,16,Thu Mar 21 2024
53d13512-efdb-4b85-9dbb-9c5f8e9fd499,67,40,Thu Jan 11 2024
569470b9-2351-4de2-a4fa-a5558f5e1e64,29,14,Sun Feb 12 2023
c5dcca7e-c29e-442c-890e-005447ebf567,42,29,Tue Oct 03 2023
b38cf50e-1866-4503-be46-6d7e03d021cb,32,15,Sat Dec 17 2022
698256bf-abbb-47ff-aee0-7b42128e7de2,59,33,Sun Mar 31 2024
e84e3337-ba7a-4cc7-b630-634915e70099,29,27,Thu Dec 22 2022
531b8a7a-6169-4db3-b63a-611139bec1f7,43,19,Thu Feb 29 2024
250a08f9-3a29-468c-9734-dd51374e2199,64,15,Tue Dec 12 2023
f0a104c9-605e-4880-acb1-31dd9e8c5784,49,21,Sun Dec 18 2022
cd1d0cc3-1489-4a47-97bd-3f1451a4c6c1,40,22,Sun Dec 25 2022
6c46de74-9b80-481d-8e93-175770a58c5f,64,40,Tue Aug 30 2022
32a3d6b4-29a1-4c01-a6ca-e3b97d4f558c,37,20,Sat Nov 05 2022
03cd3ea4-a702-41aa-8dbf-05df70eda6f0,69,36,Sat Dec 02 2023
a0ea37b4-5893-47a0-aeef-9bc0d89f9294,51,40,Sun Sep 24 2023
84d9c888-17a7-4639-9ae8-ec549c82db12,32,25,Sat Aug 12 2023
83dd5532-6370-44f6-9cce-c2779b36a399,44,25,Sun Jan 08 2023
3761e768-2438-4691-9ef8-d27f2bade333,47,32,Sat May 07 2022
c200c697-bfd7-46c5-9889-5d22812f1e91,45,36,Sun Dec 11 2022
dcf8fed0-3ff2-4437-9648-0f261e2ddacc,25,36,Tue Jun 21 2022
4ab6c8d6-6d55-4de8-97cf-7642961a6b79,53,13,Sat Mar 02 2024
a62eac17-5a5b-403b-9a12-8d2a51c86b99,30,12,Sat Apr 08 2023
c5aec9a1-9235-4eba-841a-a198eece7864,56,10,Thu Jul 28 2022
00fbbade-0648-46bf-a273-316b8361c9df,48,20,Sun Jan 07 2024
457d75d8-a8f7-4e5b-86d0-95eba7ec876b,30,29,Sat Feb 04 2023
437a2b88-a19e-49b7-bf6f-a1bea357a9ad,59,26,Tue Jul 19 2022
167172b6-3d75-4923-b104-bfc798d31f4f,66,34,Sun May 28 2023
90a94bbb-0e4e-4771-bc52-cfad6efc317b,41,24,Sun Jul 10 2022
c70bbfdf-fb89-4ff2-98d7-8ba7463fb0cb,22,30,Sun Feb 05 2023
85147cdb-389f-4e45-b1d5-5910f0a4c7a5,52,25,Tue Mar 28 2023
504a81d9-8594-43f2-ab51-b63cb5128c97,65,24,Tue Jun 28 2022
623719e8-721c-4f16-8dd5-1a0cb9c4a1e1,52,29,Thu Sep 15 2022
4136767f-6eaa-4e39-85be-3c662849d2a8,41,24,Thu Nov 16 2023
b270796e-c14e-4216-a929-b16d83e0b049,66,15,Thu Jan 12 2023
1575e724-e4c1-4a2b-af81-e3b430c4f7e8,59,11,Tue May 02 2023
1c9d736b-fbbe-4b84-9875-1cb7468350a5,44,23,Sun Jul 17 2022
09e6b3b5-7185-4c7f-a8c1-8729b36ac1b7,45,20,Sun Jul 09 2023
230919e5-c03b-433b-af84-d78be91d7775,22,11,Sun Oct 29 2023
2dc2fe3f-1691-4c8f-8a7b-dbe76b36103a,38,26,Thu May 05 2022
7c0b879f-c905-41d0-b055-d86d94c8b1c5,70,31,Sat Feb 25 2023
d70e40ea-fa16-442c-b7ee-fa313caaa25b,35,17,Thu Feb 22 2024
700391b3-ac2f-4c6d-8599-9af05b689816,46,18,Thu Aug 31 2023
c67e3b35-5a71-4a58-84c4-75d1cb445a8c,57,14,Sat Sep 09 2023
eca31a8b-f2f9-4a72-8d7c-2b91392aa8d8,50,18,Sat Jan 06 2024
764ecdff-586e-48e3-9fe1-f5b7435490d7,29,33,Sat Jun 18 2022
fe2da2f1-0599-4f10-b46c-6a844fdc1a75,50,14,Sun Jul 02 2023
ae900f19-dc2c-414a-95e2-9a9c91d560c6,39,26,Sun Nov 19 2023
6ffa4020-6b7b-4b2c-b244-099b8dcaf58c,63,36,Thu Jun 16 2022
0cfd76f1-9d04-4d28-b385-f7e5fa036b8d,22,40,Tue May 02 2023
7f33681b-13de-48e4-9362-c4205052a3f3,44,14,Tue Apr 26 2022
550903c9-2d16-4510-97b6-23989359b439,58,39,Sat May 07 2022
c8b8a4ef-5885-46ab-a23f-694e4a8d966e,69,38,Sun May 22 2022
d0499af0-9e01-4d54-a394-3552aa7cda18,31,16,Tue Aug 15 2023
a94f87ac-633b-4992-bdd2-ca074878499b,56,22,Sat Jul 02 2022
ecd10d8c-2884-4346-8818-ba480c269a4e,42,23,Thu May 11 2023
8d874c00-8b05-438e-8416-94d4521aacb9,54,31,Thu Nov 17 2022
56bbb6d5-282f-4aad-b06b-b9a4b3002f0d,35,18,Sun Aug 27 2023
adc8b14f-6229-4dcc-b280-5b7a49eaa5e3,53,13,Sat Jul 02 2022
214d2a7e-566c-4029-8e84-4b002417ee78,63,19,Sat Jun 25 2022
2c3b7cf1-e10c-4d21-9f5a-fc22427ad419,30,33,Thu Sep 01 2022
8946d88e-c779-469b-8e7a-7b9a00595581,44,22,Tue Dec 05 2023
54ae922f-8166-4a22-a4a3-cee2f1451556,64,25,Tue Jul 25 2023
f9c30e0e-44a9-4ec8-b48e-32c4964f61be,64,33,Sat Apr 29 2023
1505ca97-247e-494d-b88b-613f7707fb4d,49,31,Thu Feb 02 2023
7645a37c-b4a4-4c9d-b8fa-775b6c5b3572,45,35,Thu Dec 14 2023
e0fcab4f-6ab4-4a3c-b577-b5b49ae9ef4d,20,33,Tue Sep 12 2023
1ac0cbad-994a-41d0-80fe-38bb10e17b8b,43,20,Sat Sep 16 2023
8aeffdf3-9f77-41f8-95fc-adc962e0f5d7,63,31,Sun Sep 18 2022
724ab626-9162-420e-a560-3471fc75501e,42,26,Thu Aug 04 2022
9d3ceeee-c8a3-4142-96f4-1b8afea3e3e7,55,37,Tue Jun 14 2022
320e9dc6-89c7-4f6f-8ac8-a8a0d9491c4c,62,19,Sat Aug 26 2023
1e2accd4-2d55-4140-afa2-a4a194768a6a,52,23,Sat Nov 19 2022
aa05d3ae-56f4-45af-a3b2-8921d0d0a1eb,69,19,Sat Feb 24 2024
5676f365-3edb-487a-b97f-cb11c94f54b8,44,37,Thu Mar 28 2024
daa9c3c1-8785-4d09-8103-498f968c9c74,67,28,Sat Dec 10 2022
820e343b-482c-4276-9427-604eeb6db9d1,46,21,Sat Mar 04 2023
03f1dc95-4916-48db-9f33-0e69c847d38c,56,25,Tue Dec 05 2023
405039bf-ecf4-4842-bdc0-07304b2deca3,45,37,Tue Dec 19 2023
de399123-7469-4a24-af63-2f95094a6bf0,67,10,Sat Oct 08 2022
381b11c9-4795-4c15-a1c0-aff45cb5b422,47,26,Sun Oct 15 2023
3193d00b-6a7c-4fcb-8e45-e496b2440f99,65,36,Sat May 06 2023
d1a3564e-3f3e-4f69-afeb-e695385a711c,49,24,Tue Aug 08 2023
71dc3735-162a-40c8-8f4f-0a817b2b27dc,29,19,Sun Feb 18 2024
2939e0ad-f325-4ee0-9fe2-58219839492c,48,12,Tue Aug 23 2022
4aed3a97-896b-4994-9ee2-6c88c745c710,28,26,Tue Oct 24 2023
eb9f025e-90c7-40a6-86ca-8a85d40abc5c,64,16,Sun Nov 06 2022
5c92525b-58f8-4523-8ddb-9569cf29aa9c,21,37,Tue Feb 27 2024
b163ac60-93ea-4284-9449-5d1a924a4181,26,29,Sat Apr 09 2022
a31a8969-12c6-4359-acc2-0c7ec9c6c74b,65,29,Thu Jul 07 2022
18a0f04e-93e2-4d61-b389-e4c608ee0b9f,41,25,Sat Jan 20 2024
53c91fd4-5160-49c8-9779-293fdb3230a9,59,31,Sat Apr 30 2022
422d6371-9b8b-4b60-a2ca-26bb63411c88,43,20,Sat Apr 15 2023
2fca04a9-b2a3-4885-ad54-110d80d6f110,65,37,Sun Apr 23 2023
cd7dc1c1-87a0-440c-82f7-68408a5836a7,23,17,Sat Jul 23 2022
5f538bd2-4363-46bb-b0af-5669b451f2fd,69,18,Thu Mar 07 2024
e77173ea-4e87-40e5-bea7-f454b147056c,56,29,Sun Oct 22 2023
81356c47-191c-4409-8237-83855c1d35df,64,39,Tue Dec 05 2023
677c8ee3-c69a-45a1-a858-9597cd3ffab7,69,15,Thu Oct 26 2023
6d8587f8-b25b-4a47-b9cd-829ae1a335b7,35,23,Tue Sep 20 2022
abd847c4-39aa-4c6c-a9c9-444fda7503d2,41,20,Tue Apr 19 2022
13a785af-d74d-49fc-a08c-f606238854d7,60,11,Tue Jul 11 2023
da4f1cfe-9180-43a9-a743-a30d2ef70d50,28,31,Thu Jan 11 2024
2bd08512-ac34-4063-9773-2b4ca668d828,52,11,Thu Apr 07 2022
1c4fcc2b-13a0-40e9-bbe0-a7811f1bfc5a,41,37,Sat May 07 2022
e93e441d-b156-4504-8eac-faf6adb5dd99,36,18,Tue Nov 29 2022
fafa9c71-e788-43db-adaf-5c4996cbb6c4,48,38,Sat Apr 22 2023
8e70d5e1-992a-4b4b-94cd-10c28f1c4516,47,29,Sat Jul 23 2022
5a3d920e-b08c-4e2e-af92-30302a5a95a8,24,14,Thu Apr 07 2022
531f280f-118d-470a-ac41-34bf42573dda,37,30,Tue Jun 14 2022
f23493c2-52c5-4706-a171-7abddfc64664,53,18,Sat Jul 01 2023
7d73e8bc-a0a9-4b74-afca-9ccab291da59,44,39,Sun Oct 08 2023
832cbdbb-f009-409e-ba54-ef262e2441df,49,32,Thu Jun 16 2022
bb53c947-1629-47ee-af87-af20f2610d6a,25,40,Tue Apr 04 2023
3783a98e-c82f-4df1-83e0-4f02e2414c3f,51,19,Sun Aug 06 2023
98142c24-c768-4299-b95d-430c1c9e18c2,49,12,Sat Oct 14 2023
800215a7-daa3-4e3f-9e8f-8b9ca697b1e6,46,36,Tue Mar 05 2024
931e20e9-71e5-4cc0-bbea-96f376a2c844,68,23,Sun May 21 2023
abf97f79-1739-4591-b6dd-3c24bb0b16da,27,28,Thu Jan 18 2024
1f96aa2f-25c1-436f-8c45-dae4a7ee5f6b,65,11,Sat May 07 2022
a9b7f30f-509e-487b-8937-fe46152288f4,69,23,Sun Feb 26 2023
c7bdf3a2-6109-40bf-9815-f302bcf47694,37,16,Sun May 28 2023
be8ea7df-b96f-4c6a-9803-52eab9ef3414,65,19,Tue Jun 07 2022
84e08805-5492-4e03-ad2c-7f7b968e2333,67,27,Sat Apr 15 2023
4e46eb7f-e377-4b05-9dfc-bd6c966e6807,41,35,Tue Aug 16 2022
577fb0f0-bbfc-400b-b0ba-8d2da55ec573,64,20,Sun Jun 19 2022
668c6082-ba57-498d-8d97-9ee3985a5099,52,40,Sun Dec 24 2023
fe0eccdc-0d6f-4317-bb13-f0f610adb975,66,10,Sat Aug 27 2022
e1a13195-aaa4-4606-98c4-163b69305c5b,28,37,Tue Dec 20 2022
4262808e-faed-4a15-84a6-cd78ff5c2cbe,60,20,Sun Jun 11 2023
d30c04e0-5471-48f4-92db-e3dc42183c64,65,31,Thu Jul 07 2022
fd239e9d-9bfe-4344-aa69-4f022f73cf21,52,13,Thu Nov 30 2023
86405d52-a9ad-478a-b889-4c19b85feedc,25,17,Sun Nov 13 2022
cace9b20-3c77-4a7e-9887-bf7f0d6dda8d,48,33,Sun Feb 04 2024
f4255479-f790-40b6-8729-05f4792b1a9c,68,27,Sun Jan 21 2024
033c8ef4-03f5-47dd-97d4-5f79cd38d69a,37,16,Thu Mar 21 2024
c6c040ec-815c-49a7-bdaa-ccd9c728fab0,53,38,Sat Dec 16 2023
d34d45c1-e844-4d6e-8f22-4bfc1b507e8d,48,18,Thu Oct 12 2023
ecad1784-b849-4808-8c62-01834d16f4ce,55,31,Thu May 18 2023
246749f0-9cc2-467b-827d-c4ece4c95b72,57,23,Sun Feb 19 2023
b60c58ef-7cbd-44f2-85e1-2cbe9b1fc5a7,68,15,Sat Mar 04 2023
34c99a85-e5ed-49ea-bd0c-3007a18e6437,45,30,Thu Jun 08 2023
780fa934-862b-4d36-acad-d50fab38dc8f,44,37,Thu Sep 21 2023
9463feb2-5400-4c21-a717-a4ce1a863521,49,31,Sat Aug 12 2023
9b5dd367-57e1-4fd0-89e8-6367c69112e9,63,33,Sun Sep 04 2022
29a3754a-ac4e-440c-8c2f-2193f1fbf22e,67,36,Sun Dec 25 2022
ea208cac-e8ce-4451-a037-326e919a4355,54,26,Tue Apr 19 2022
179e0759-5847-4a55-90df-292ee15f78f6,30,19,Sat Feb 03 2024
bee44826-bce5-493f-ad45-a53c9d4e651c,70,19,Sun Jul 16 2023
ce3f0723-c9e8-4141-be7a-5f84a5d510c5,32,14,Thu Sep 22 2022
37560ed2-47c1-47b3-86d5-6f1468ca77c5,44,11,Sun Jul 03 2022
4ddaf27b-492a-443a-9c6d-0e39787c7c58,41,37,Tue Oct 24 2023
bbe1eecb-3071-42b6-aace-1b47a2c81de2,23,16,Tue Jun 07 2022
20027965-08e0-44eb-972e-d1d0be10c477,48,10,Sat Jul 09 2022
a8fc5d33-4a10-457b-9247-2224281a0ae1,56,16,Thu Jun 29 2023
a1216781-19c4-4ba8-b2fa-f8c59fb931b6,62,36,Sun Jun 19 2022
da293db6-ad16-44d3-8a19-a6a509cae12b,48,28,Thu Apr 28 2022
b6af7b52-05b4-4bda-99e3-d2c04574a620,37,21,Sun May 29 2022
0adaafe2-fab4-4883-abd3-306befdd0ac6,69,20,Sat Jun 03 2023
9a69ac14-6398-410d-8c79-d660589c6306,37,12,Sat Jun 03 2023
f2a91002-ac56-48b8-95e3-4e699a01f0bb,33,13,Thu Apr 13 2023
9d758547-4e35-4c63-a0c7-2c0955a4f980,27,33,Sat Sep 24 2022
6ee6289d-b649-47cc-bb1d-447e48fbd1b2,61,29,Tue Mar 12 2024
78d9044e-f39e-4d42-977d-0028a2d8aa3a,58,17,Thu Jun 09 2022
4f8196e3-3bca-4773-8ef7-225987a407e2,46,27,Tue Feb 21 2023
5b07e147-b254-4163-9d18-614bbe43511e,38,10,Thu Jul 07 2022
8bb087a2-e428-4b31-b26d-888c1a07cd68,49,14,Thu Mar 14 2024
a8d1fc55-4f4c-4198-94d1-0d9eee441842,55,20,Sat Apr 15 2023
f5251ae4-f28f-490d-9599-82009b014924,65,33,Thu Sep 28 2023
63aa24e3-6dd6-45d1-97a8-6af15d8ac79f,31,12,Tue Dec 05 2023
9442a9c9-fd17-44e8-beb2-2867fd29eb40,40,12,Tue Feb 20 2024
cd2b847b-a501-4e85-9552-e7c009c6f3f2,68,21,Thu Jul 06 2023
8a378f60-08c4-4a48-a440-190ec457323e,32,12,Tue Jan 10 2023
541db747-b93d-4f73-96fd-17869601e290,42,14,Sat Jun 11 2022
2169597d-26b6-4431-81f8-907f8f4f2432,27,11,Tue Jan 10 2023
2d964f75-02d9-4ea6-a10f-bcefb3a02faa,58,10,Sat Mar 23 2024
f2b0bc29-8661-4563-a7aa-f9d44407ee7c,53,34,Tue Mar 19 2024
234a02b3-4bc9-4974-905a-9ce301911de3,24,40,Sat Jul 09 2022
0ead8a08-8ce0-4b89-a4dd-caea434af73b,69,20,Thu Jul 13 2023
b45e41d9-b5d8-4817-8888-d8cd052caa2c,62,14,Thu Mar 21 2024
0da057d6-1e39-4eb3-a5ed-9f87049d8892,45,18,Thu Apr 06 2023
6d1752ae-0c47-4faf-9c18-53271ddafdeb,42,12,Sat Feb 25 2023
74a217ff-dbf5-4043-9694-3cf087fde731,40,22,Sun Feb 11 2024
31bf70c5-42b4-4546-ba1c-26a970f7aaa0,47,17,Sat Mar 04 2023
8207fe8c-bf8e-4b1c-a5b1-68240d81e476,35,12,Thu Jan 05 2023
f82ab03b-3307-423a-89dc-49acffcd0740,38,24,Sat Jan 21 2023
ea5de7d3-0378-4816-8e2c-0e54324fee04,55,16,Tue Mar 26 2024
ce6e37e3-cc0d-40c7-af37-bc55888ade70,26,15,Sat Feb 18 2023
126a93a4-3800-49fc-ae48-69f86f19e126,21,35,Sun Apr 16 2023
f776e8d1-57c7-4160-8af8-5d7680baf961,50,21,Thu Dec 08 2022
99683c7b-2f20-4b33-bf2f-a6646fe4f17a,21,35,Thu Nov 17 2022
cd1e238d-37c8-4868-876e-ee5fabc2a7a8,28,28,Sat Mar 25 2023
b695731a-496b-4d42-b9d8-8b18345a342b,66,14,Sat Jul 02 2022
ab93da69-6276-4ebc-82c2-3e8fd4c8c420,32,32,Sun Nov 12 2023
1309d5ed-e466-442c-b035-ae02078d3e71,29,20,Thu Apr 14 2022
eda61612-1d57-4cc3-a50e-c3ea3badb4fe,51,12,Tue Dec 05 2023
e05d192b-0a6d-4bb5-b8ad-9e543aaabfd8,24,21,Sat Nov 19 2022
627424ce-86ae-4e5e-b007-d5568ef47fce,45,24,Sun Oct 23 2022
553a04f5-5e7e-4b35-8670-3a14823f6311,28,16,Sat Jul 16 2022
d4b94a12-8ddc-4e72-a2cf-fc5bb2870018,54,33,Sun Dec 25 2022
c43a3dd2-bb6a-42a2-955f-5f4b73dab385,22,10,Tue Nov 08 2022
475adf28-a958-40d9-8c5f-ca1fa31622ba,26,31,Sun Mar 31 2024
6d4d2117-7ba3-4700-9193-ea5e90e8a1b6,40,33,Thu May 18 2023
649bd71b-fc69-48a6-a07b-28eb65c9d9dd,28,12,Thu Feb 08 2024
ccfbadb2-ed57-4702-ba16-ca6933ff83ea,43,37,Tue Jan 16 2024
cddec3a1-a574-4405-8c3b-d5b180cf5b61,69,13,Sat Apr 30 2022
64949577-384e-42f6-8f48-16cd51653df1,36,10,Sun Nov 13 2022
d23ba0e6-18a7-44b7-a0fe-a78dce79de53,22,36,Tue May 02 2023
d9ccfcc6-2eb4-484a-bfd7-18863ade2fb3,41,11,Sat Jan 20 2024
522b4eb4-d878-47a3-83d1-1b4f5300dfe4,67,11,Tue Jun 20 2023
cfd2945f-51cc-4af0-b34e-6065362cde15,28,14,Sat Jul 22 2023
bb81fce8-965e-42da-a4cd-76b18d274559,56,36,Sun Jul 02 2023
721d6945-924e-4141-a1a2-cddc7ba560c8,53,24,Tue Aug 08 2023
ef960079-8886-47af-9592-63c5beed58e3,42,33,Thu Aug 11 2022
55e53c77-86a2-4757-add1-b30e179a8f77,58,39,Sun Aug 07 2022
ecdab6c3-c380-4aad-ba76-b8d5ee533fb6,41,19,Sat Feb 10 2024
18db597a-8127-4c65-846c-d6907c72c757,57,33,Tue Nov 21 2023
ff8aae69-0a59-4541-86cf-471baf0290a0,28,21,Sat Jan 21 2023
3bdbf839-04df-4240-b6bb-e58e14d23322,53,21,Thu Dec 21 2023
d3236ac9-3584-4354-8104-e4fd2e25f949,35,10,Tue Oct 25 2022
c22611d1-34e0-4c78-9018-07bbc60f9000,28,35,Thu Apr 07 2022
09badaf3-63f8-44ed-8c6b-c91843e41ffe,56,10,Sun Oct 15 2023
a4d20108-6ef0-4ddf-9d73-3d18eb4cc597,33,36,Thu Sep 08 2022
0ceccfa1-f4d7-4218-a73b-db018c316790,33,22,Sun Dec 11 2022
7dd2dcb3-681f-41dd-a593-997f80024ef2,63,29,Thu Apr 27 2023
0412634a-78ff-4240-aede-579ee975b35b,20,12,Thu Oct 19 2023
da6f8674-3a78-471a-a222-577b58875787,51,17,Tue Feb 07 2023
c8d66d1e-b57a-4275-8734-d413e570ed7f,51,23,Sun Mar 05 2023
bfd36500-5a82-4636-9397-da3adcf2af34,51,29,Sat Dec 17 2022
6fd419f4-e4bc-447f-b464-8302f04c58c2,34,10,Thu Apr 27 2023
38d42bb2-b72f-4d4a-b51f-e3451272972c,23,22,Sun Nov 13 2022
8ee1220d-f5ab-4fd5-889d-b520db37e3d6,27,13,Thu Sep 21 2023
54e5d2ed-f176-48f8-a7da-e11c8aa67483,68,22,Sun Aug 14 2022
fc4c4f6d-88e9-4649-b870-a5f8e4f24e09,24,33,Sun Apr 24 2022
8c59e24f-bb40-4c5f-ad14-ed2c36b0a4de,33,17,Sat Feb 17 2024
72df3966-9712-4dec-8136-7ada2824d1ca,60,35,Thu Oct 20 2022
1f68bc95-db04-49ee-9a8e-b12588aa5ed8,33,18,Sun Jun 11 2023
f4633b25-365d-48f4-8172-113a57191fbc,57,16,Thu May 18 2023
9412f98d-5509-431b-8902-10a2eb2a5b68,42,22,Tue Apr 18 2023
143b1808-5555-40c4-b775-69400be2e9d3,49,40,Sat Dec 09 2023
6b2e9636-20d3-4afc-a1e5-844a1fdbf649,42,35,Sat Jan 06 2024
c2a6954d-fdc9-41af-8820-97657f6824a1,58,35,Thu Aug 24 2023
ac6eabd7-4aa8-4fd6-8aab-2dfc8270ba89,55,25,Sat May 20 2023
3bdd2b65-b220-4c1a-96db-ebfd2cb5f7df,56,40,Thu May 19 2022
9eac9a1d-da7c-4921-9f1b-6f3ec6ec3a28,57,21,Tue Oct 03 2023
68ea4be6-aaeb-4db0-81ea-b5d92e7867b9,26,38,Tue Feb 07 2023
5156adc5-a85e-4ac7-8fd6-8807b4af5edb,70,18,Thu Jun 01 2023
d91e64e2-f017-4d76-987e-5116a6f2a757,61,24,Sat Sep 10 2022
cd38b1df-bf11-4c06-ba4f-33e482657401,60,25,Sat Nov 05 2022
b2453ac4-f591-42cb-948c-6b2e961b9d66,62,22,Thu Jan 25 2024
97c8c368-051a-4736-a3f4-410eef80afa8,38,29,Sun May 22 2022
0d441924-41b9-4d3c-8b2c-ba658eb9c035,45,24,Thu Dec 08 2022
0993a583-edf2-45eb-a6e4-1e0a0ff6cf47,67,10,Thu Apr 28 2022
6795e985-c7ea-43e3-8c88-79d6ec236e8f,70,39,Tue Jan 31 2023
d75de455-4482-41a5-8b7b-825ea36b19a9,45,27,Sat Sep 02 2023
18391b41-7a9e-45ac-ae4a-aa31996e1df5,23,35,Sat Sep 24 2022
099ba46c-909f-4126-96e5-1457148f48b7,39,13,Tue Apr 05 2022
fed170b6-3e3b-4fca-a483-7bd74eafb0e7,34,27,Tue Nov 22 2022
b099fc67-d059-4077-abe2-abdcff20a852,48,11,Sun Mar 12 2023
98847162-5ce8-4974-be2b-76793eb6ff75,58,14,Sun Oct 29 2023
44621ccb-8298-48c6-9433-80f326d70ed0,34,13,Sun Jun 12 2022
d2d31448-97a6-41b6-b705-eb6cb782093f,44,32,Sat Nov 25 2023
149047a4-d91a-4783-9bf9-ea04daea495e,59,12,Sun Jan 14 2024
2ddb8da1-f8b8-4c5c-a5f3-031aac951ecc,23,10,Sun Apr 10 2022
e8bc4970-93d8-4d3b-8b28-67df0b53f8ec,47,32,Tue May 16 2023
203437b3-d8e4-4ed0-a2b8-9cffb1e04c69,30,17,Sun Jan 07 2024
f5940105-3b6a-45d4-a3db-84b3427eab95,59,23,Thu Sep 14 2023
5f0f90bf-9db1-4ab4-9711-0d1b6976c87b,60,26,Tue Jun 20 2023
4cf70db3-f41b-48bb-ad1a-e0bf73ff2515,43,11,Thu Apr 20 2023
a37f5682-c53d-4799-9677-7978f1af9da1,26,16,Thu Oct 19 2023
94610e65-aa62-4f39-8b82-8098ff37412c,30,35,Sun Feb 25 2024
a2960c00-0248-437f-87b3-1afd097fdf51,40,21,Sat Jul 30 2022
ed2b526f-8926-49e6-a600-df8cb01a3f72,23,26,Sun Feb 12 2023
29c40ad3-ee7f-4056-8d83-536d8317b310,67,22,Tue Mar 12 2024
52707ca8-1023-4778-a4ca-ae13a6410737,42,11,Sun Dec 04 2022
0997a736-febb-45b9-8808-5ec5e6ab1367,31,39,Sat Sep 02 2023
1d98b0b9-9ad4-49b2-9c65-2ee9436c8542,61,30,Thu Jul 14 2022
067c7aea-a1d5-4de6-9a53-55680e2b37b8,60,36,Tue May 17 2022
00f30b75-6588-49eb-ada4-bba033f4a18e,61,22,Tue May 24 2022
005276b4-8e60-4045-8978-99642306b1cb,33,24,Tue Jul 19 2022
ced43518-d055-48cc-a41f-f055ca8f68a7,56,33,Thu Dec 28 2023
4444fcb2-c4c8-4079-8224-c20913d27903,49,37,Tue Mar 05 2024
f29a32ad-20f3-4175-80c5-d10a53e6ad40,34,13,Sat Jun 10 2023
8b1ff64a-e629-452e-8807-e1e780c02576,22,39,Sun Nov 26 2023
279d61e7-1ff1-487a-b8aa-9bbf321bffe5,53,28,Thu Aug 04 2022
444e60db-dddb-4f56-bb0d-9acf9b73b984,66,18,Tue Nov 07 2023
9183c315-a198-43c6-9c7e-963c8c08bba9,27,20,Thu Aug 24 2023
8de3cca9-514b-4f31-bd80-78647c20f2dd,26,38,Tue Mar 12 2024
fd573d6a-3379-44a3-93d4-485039b12a31,38,25,Sat Apr 02 2022
5159faec-43bb-4954-a082-43d7aad49bea,44,17,Thu Dec 15 2022
5d147989-25d2-4075-a4b2-f2e0e698d01a,22,13,Sun Jul 23 2023
dd2fb7a0-ccbd-4413-b387-7d82b56cc065,46,37,Thu Oct 27 2022
ce47609a-733b-44e9-a41c-30c91a225ca4,69,26,Thu Nov 30 2023
bbcb922a-7691-4bcd-8437-d36cf80bf4cf,32,38,Sun Jan 22 2023
14a41076-1561-4679-a44c-c6199c70cb89,56,18,Tue Mar 12 2024
b70b8239-9494-431b-83fd-504d3134d7d2,55,35,Sat Dec 24 2022
9edc3d59-e3fe-4078-82f3-6fa895e4462e,59,18,Tue May 24 2022
5b3a292d-dbe2-4e6e-861e-0cdf3ab0c3f2,32,13,Sun Oct 09 2022
68823467-a9f0-425b-ba25-6a3a5ff65aea,58,18,Tue May 24 2022
e393ac4b-68a7-4615-b83c-f688cf14ceb4,70,40,Tue Jan 09 2024
27298d65-fb63-487c-a087-c25980d621ae,69,34,Sun May 14 2023
9940e4f2-cf34-465d-b652-86c4893359a1,21,29,Sat Jul 30 2022
6ecf4809-fbb5-4fad-95f0-0e2c088c480e,52,37,Thu Feb 01 2024
e92ecf1e-8151-4fb8-9b3d-2e9c94a094fd,46,30,Tue Apr 19 2022
28ab8c03-4cbd-439e-b5aa-befde368a580,39,40,Sat Jun 24 2023
c4c98440-bd8e-4bf4-a686-2ebb5f57716b,55,39,Sun Feb 26 2023
491648a2-bc03-467f-b96e-fa19e21d544e,62,13,Tue Sep 05 2023
ea894976-d490-4801-81f9-8e00cb0392a8,45,38,Thu Oct 27 2022
feef3eea-8e8a-4793-8063-01728621b80c,32,20,Tue Mar 28 2023
9bc640f7-9193-4575-818d-3ecc2c187286,49,36,Sun Jul 10 2022
0809b4b4-c306-4c26-91ef-adcd90007a46,50,34,Thu Aug 31 2023
79b83931-c135-469f-b0a8-c768f2d36312,50,25,Sun Apr 30 2023
f3097565-7445-440f-a2c4-9386efe54845,70,38,Sat Mar 11 2023
06512e65-9d4a-452d-bea9-39ce9c5f7c7b,21,35,Thu Aug 04 2022
6c7cf80c-4d17-436d-aeac-6a6f4d26569b,21,35,Thu Jun 01 2023
87f0cffe-6e6c-4250-8c71-09d67f1e46f1,20,39,Sun Jul 03 2022
4d1b13a9-e3a6-4e88-9cc0-aac72b50d8ad,65,10,Thu Sep 07 2023
23660dd6-4380-4213-adb9-7a245a4ebaa5,61,34,Sat Apr 22 2023
7582589f-5926-43c8-89a3-9707dcb1d33e,48,15,Sat Dec 03 2022
68431bbc-d2bd-46f9-8a2b-649a6be1d2f4,45,15,Sat Sep 23 2023
43f37bec-4370-4359-9d12-d8196bb4ffa2,46,39,Sun Nov 27 2022
3f15fcdc-7318-4f05-b0b6-8a7794443202,27,12,Tue Jun 21 2022
20469a7e-32e3-4abc-9575-a049d65cc72d,61,37,Sat Feb 17 2024
c8bdd372-e472-44cc-a781-aa301a7a4ac2,59,15,Thu Apr 27 2023
aa7f7a28-95d3-41e2-81b1-108124883090,37,35,Sun Oct 09 2022
2ea1cb33-8504-423d-9307-253c2d82f58b,47,10,Sun Aug 21 2022
832ea7e2-388a-4e0c-8a03-cb8bb882e5c3,63,12,Thu Oct 19 2023
29775def-e615-4972-ae5d-565b0a885173,54,25,Sun Nov 06 2022
4270777a-bf19-4d12-92bf-dc21dd5f2679,33,22,Sun May 22 2022
79e35303-9cbe-4a76-9f79-e3ba97aed361,30,11,Thu Mar 16 2023
04372c16-30c1-4630-be8f-15d710a71e17,50,27,Sun May 15 2022
a759279d-7b30-4a5a-8638-18254165cf8e,69,12,Tue Feb 07 2023
2dd8acb5-6b1b-4fe0-8afd-2912c44e5ff4,60,35,Sun Oct 01 2023
3fc74ccd-01a1-4329-82cf-df7b9e5d7b41,37,26,Sun Jul 17 2022
e948b1ea-e189-4892-a248-6a2485cc01d8,20,16,Tue Jul 25 2023
c83e86aa-34d3-4abb-9736-7b414f27b560,64,15,Sun Mar 31 2024
5f3522f7-d5f4-4d57-8b87-7296869af905,38,39,Tue Apr 25 2023
ae3c37eb-df5c-4898-8e15-68123899df21,21,16,Sat Jan 20 2024
4ebe17cf-647c-4940-8b70-d659a539f723,62,13,Sat Nov 04 2023
e89718cc-41d4-47fd-b9d9-2dde1f23a5e6,47,13,Sat Feb 03 2024
502912d8-3a3e-4655-8188-55efa5f2eccf,60,36,Sat Aug 12 2023
5e386aef-60ad-4217-ae2b-76794e5c201c,20,20,Sun Dec 17 2023
b99a8ab2-7c8c-42b8-a77d-658573c58658,41,15,Tue Oct 25 2022
59e236bd-5243-4756-bc4e-ffe2781820b2,31,25,Thu Jul 21 2022
833f36f9-a681-485b-bb95-14fa0ea31f61,66,15,Sun Jun 26 2022
c7e84009-a3d2-4877-bd66-8831d20fbeb9,58,21,Sat Jul 09 2022
5f40397f-d13b-4933-bf38-1465c629614d,59,35,Tue Dec 12 2023
78571a6d-ee22-416d-80d5-f88c411b39a5,22,30,Tue Apr 25 2023
ca5d18f6-f7d6-471d-b78b-fe2371182546,46,38,Sat Mar 18 2023
191b04f2-50be-47a3-afe6-a7c115e5dad1,53,31,Tue Aug 09 2022
f66bea74-0661-429e-b360-a59e5d9eea33,62,34,Sun Dec 04 2022
94eb098f-0c9b-4fed-9f05-afd4af785ecb,60,32,Sun Jul 09 2023
70ab1b85-435c-40cb-ba30-092f17f9c270,55,17,Tue Apr 11 2023
6a704081-40f8-409b-8bbc-92e6c470b31b,63,26,Tue Oct 31 2023
b63d9f74-7212-44bd-9e9e-d4ed72f46354,34,34,Tue Jul 04 2023
2a9d0123-5825-4753-a7ea-db7a5b279b5f,67,33,Sun Jan 28 2024
4bd33faf-b688-4818-bb03-95f3b03211b1,57,27,Sat Dec 31 2022
35f699f6-fffd-49c6-a8ed-6243cbc2c655,62,11,Sun Jun 04 2023
b6149155-3874-4689-bf6c-7e269049b2c5,51,25,Thu Jun 02 2022
4fd87ee2-cd6c-49ce-a55e-09cb8626f57f,70,38,Sun Jun 11 2023
bc1f86ea-282d-4d7f-bc67-4ee9d5255b2f,61,12,Thu Sep 15 2022
252b0868-874d-4ee0-8f41-fea278ecb79c,65,22,Thu Sep 08 2022
e3136327-50de-4471-9921-69798debde2d,35,22,Thu Jun 09 2022
22c09516-6161-4d4e-be2b-f7c00d030c82,53,24,Sun Mar 19 2023
fd5c75b2-53e5-4ba8-be34-1da4f1f5b050,68,30,Thu Aug 11 2022
